profielnaam;Profielverwijderd;Opmerkingen
13-5_0001;FALSE;Hoog achterland
13-5_0002;FALSE;
13-5_0003;FALSE;
13-5_0004;FALSE;
13-5_0005;FALSE;
13-5_0006;FALSE;
13-5_0007;FALSE;
13-5_0008;FALSE;
13-5_0009;FALSE;
13-5_0010;FALSE;
13-5_0011;FALSE;
13-5_0012;FALSE;
13-5_0013;FALSE;
13-5_0014;FALSE;Geen boezem in profiel
13-5_0015;FALSE;
13-5_0016;FALSE;
13-5_0017;FALSE;
13-5_0018;FALSE;
13-5_0019;FALSE;
13-5_0020;FALSE;
13-5_0021;FALSE;
13-5_0022;FALSE;
13-5_0023;FALSE;
13-5_0024;FALSE;
13-5_0025;FALSE;
13-5_0026;FALSE;
13-5_0027;FALSE;
13-5_0028;FALSE;
13-5_0029;FALSE;
13-5_0030;FALSE;
13-5_0031;FALSE;
13-5_0032;FALSE;
13-5_0033;FALSE;
13-5_0034;FALSE;
13-5_0035;FALSE;
13-5_0036;FALSE;
13-5_0037;FALSE;
13-5_0038;FALSE;
13-5_0039;FALSE;
13-5_0040;FALSE;
13-5_0041;FALSE;
13-5_0042;FALSE;
13-5_0043;FALSE;
13-5_0044;FALSE;
13-5_0045;FALSE;
13-5_0046;FALSE;
13-5_0047;FALSE;
13-5_0048;FALSE;
13-5_0049;FALSE;
13-5_0050;FALSE;
13-5_0051;FALSE;
13-5_0052;FALSE;
13-5_0053;FALSE;
13-5_0054;FALSE;
13-5_0055;FALSE;
13-5_0056;FALSE;
13-5_0057;FALSE;
13-5_0058;FALSE;
13-5_0059;FALSE;
13-5_0060;FALSE;
13-5_0061;FALSE;
13-5_0062;FALSE;
13-5_0063;FALSE;
13-5_0064;FALSE;
13-5_0065;FALSE;
13-5_0066;FALSE;
13-5_0067;FALSE;
13-5_0068;FALSE;
13-5_0069;FALSE;
13-5_0070;FALSE;
13-5_0071;FALSE;
13-5_0072;FALSE;
13-5_0073;FALSE;
13-5_0074;FALSE;
13-5_0075;FALSE;
13-5_0076;FALSE;
13-5_0077;FALSE;
13-5_0078;FALSE;
13-5_0079;FALSE;
13-5_0080;FALSE;
13-5_0081;FALSE;
13-5_0082;FALSE;
13-5_0083;FALSE;
13-5_0084;FALSE;
13-5_0085;FALSE;
13-5_0086;FALSE;
13-5_0087;FALSE;
13-5_0088;FALSE;
13-5_0089;FALSE;
13-5_0090;FALSE;
13-5_0091;FALSE;
13-5_0092;FALSE;
13-5_0093;FALSE;
13-5_0094;FALSE;
13-5_0095;FALSE;
13-5_0096;FALSE;
13-5_0097;FALSE;
13-5_0098;FALSE;
13-5_0099;FALSE;
13-5_0100;FALSE;
13-5_0101;FALSE;
13-5_0102;FALSE;
13-5_0103;FALSE;
